Date,Open,High,Low,Close,Volume
2025-06-25 04:00:00,148.0,148.0,147.58,147.63,235376
2025-06-25 04:30:00,147.63,147.67,147.5,147.66,118531
2025-06-25 05:00:00,147.68,147.95,147.54,147.76,123412
2025-06-25 05:30:00,147.76,147.78,147.65,147.76,69511
2025-06-25 06:00:00,147.77,147.77,147.57,147.62,101202
2025-06-25 06:30:00,147.63,148.74,147.55,148.67,642054
2025-06-25 07:00:00,148.65,149.19,147.13,149.05,748963
2025-06-25 07:30:00,149.04,149.55,149.03,149.45,618018
2025-06-25 08:00:00,149.44,149.55,147.51,149.2298,1925185
2025-06-25 08:30:00,149.22,149.65,149.15,149.61,941380
2025-06-25 09:00:00,149.6099,149.86,147.9,149.29,2539623
2025-06-25 09:30:00,149.27,151.8755,149.26,151.4,53931765
2025-06-25 10:00:00,151.38,152.56,149.3799,152.205,25633344
2025-06-25 10:30:00,152.205,153.0,152.18,152.8199,19521022
2025-06-25 11:00:00,152.82,152.85,150.075,152.05,15050455
2025-06-25 11:30:00,152.043,152.15,150.08,151.525,9719784
2025-06-25 12:00:00,151.52,152.2,150.1,152.14,8260373
2025-06-25 12:30:00,152.14,152.88,151.3899,152.855,9309334
2025-06-25 13:00:00,152.86,153.93,152.69,153.9,20237547
2025-06-25 13:30:00,153.9,153.95,153.18,153.595,13390025
2025-06-25 14:00:00,153.6,154.01,153.49,153.94,12412007
2025-06-25 14:30:00,153.94,153.96,153.36,153.71,10983831
2025-06-25 15:00:00,153.715,154.45,153.64,153.7544,16448844
2025-06-25 15:30:00,153.75,154.41,153.335,154.31,24557040
2025-06-25 16:00:00,154.31,155.0,150.095,154.58,31433532
2025-06-25 16:30:00,154.58,181.9799,93.1919,154.61,1737704
2025-06-25 17:00:00,117.3525,172.7204,93.1919,154.57,418800
2025-06-25 17:30:00,154.59,154.59,154.18,154.28,402812
2025-06-25 18:00:00,154.29,154.64,153.75,154.5396,267036
2025-06-25 18:30:00,154.52,154.6,153.56,154.54,163991
2025-06-25 19:00:00,154.53,154.54,153.81,154.44,194802
2025-06-25 19:30:00,154.42,154.67,154.41,154.6,309697
2025-06-26 04:00:00,155.87,155.95,154.3,155.92,530280
2025-06-26 04:30:00,155.92,155.92,155.72,155.89,297454
2025-06-26 05:00:00,155.89,156.27,155.86,156.2,471026
2025-06-26 05:30:00,156.2,156.24,155.95,155.97,314448
2025-06-26 06:00:00,155.98,156.2,155.8,156.12,289148
2025-06-26 06:30:00,156.12,156.17,155.86,155.9,247054
2025-06-26 07:00:00,155.89,156.4,155.58,156.3,780714
2025-06-26 07:30:00,156.29,156.81,156.21,156.81,674056
2025-06-26 08:00:00,154.31,157.0,153.74,156.7,3602943
2025-06-26 08:30:00,156.68,156.7,142.74,156.3499,1542571
2025-06-26 09:00:00,156.34,156.38,153.49,155.95,1910754
2025-06-26 09:30:00,155.975,156.02,154.0,155.77,38270515
2025-06-26 10:00:00,155.77,156.49,155.22,156.4486,22537121
2025-06-26 10:30:00,156.445,156.715,155.355,155.49,15946974
2025-06-26 11:00:00,155.49,156.05,154.79,154.9599,12992194
2025-06-26 11:30:00,154.95,155.56,154.81,155.3735,9406579
2025-06-26 12:00:00,155.37,155.7299,155.26,155.625,7130069
2025-06-26 12:30:00,155.625,155.9846,155.115,155.49,6602100
2025-06-26 13:00:00,155.48,156.36,155.31,156.03,9232653
2025-06-26 13:30:00,156.0399,156.19,155.76,155.945,7171785
2025-06-26 14:00:00,155.94,156.5,155.83,156.085,8698341
2025-06-26 14:30:00,156.085,156.09,155.66,155.8301,7266473
2025-06-26 15:00:00,155.835,155.95,155.43,155.4643,10620874
2025-06-26 15:30:00,155.46,155.59,154.85,155.08,16962910
2025-06-26 16:00:00,155.08,155.5931,154.69,154.87,21902428
2025-06-26 16:30:00,154.84,162.0557,145.1999,154.935,415815
2025-06-26 17:00:00,163.7989,163.7989,145.1999,155.175,291535
2025-06-26 17:30:00,155.19,156.65,154.07,155.22,306616
2025-06-26 18:00:00,155.21,155.36,155.15,155.28,164044
2025-06-26 18:30:00,155.275,155.35,155.02,155.32,148027
2025-06-26 19:00:00,155.32,155.35,155.21,155.26,155938
2025-06-26 19:30:00,155.2601,155.42,155.26,155.35,266670
2025-06-27 04:00:00,155.69,155.9,155.3,155.61,219994
2025-06-27 04:30:00,155.59,155.95,155.59,155.92,129577
2025-06-27 05:00:00,155.93,155.95,155.74,155.87,112730
2025-06-27 05:30:00,155.88,155.93,155.75,155.88,62185
2025-06-27 06:00:00,155.88,155.89,155.66,155.78,89791
2025-06-27 06:30:00,155.78,155.9,155.76,155.84,86435
2025-06-27 07:00:00,155.79,156.49,155.77,156.33,471061
2025-06-27 07:30:00,156.33,156.45,156.3,156.38,134495
2025-06-27 08:00:00,155.79,156.49,155.02,156.1599,1599632
2025-06-27 08:30:00,156.12,156.16,155.63,155.87,672102
2025-06-27 09:00:00,155.86,156.39,155.63,156.0392,1030946
2025-06-27 09:30:00,156.04,157.0,155.255,156.1332,25970022
2025-06-27 10:00:00,156.14,157.445,156.05,157.4201,19931915
2025-06-27 10:30:00,157.425,157.67,156.89,157.16,15277608
2025-06-27 11:00:00,157.17,158.0,156.78,157.9101,13715651
2025-06-27 11:30:00,157.92,158.71,157.765,158.2148,15499385
2025-06-27 12:00:00,158.21,158.3499,157.29,157.675,11376009
2025-06-27 12:30:00,157.6785,157.74,156.96,157.365,9205797
2025-06-27 13:00:00,157.36,157.8,157.23,157.485,9504145
2025-06-27 13:30:00,157.49,157.58,156.5,157.03,10350030
2025-06-27 14:00:00,157.04,157.35,156.27,156.305,9352947
2025-06-27 14:30:00,156.305,156.64,155.45,155.62,14304567
2025-06-27 15:00:00,155.615,156.83,155.535,156.47,11053532
2025-06-27 15:30:00,156.47,158.2,156.4501,157.74,24318335
2025-06-27 16:00:00,157.74,157.756,113.3264,157.35,88923706
2025-06-27 16:30:00,157.36,179.7988,101.0201,157.485,488305
2025-06-27 17:00:00,157.51,190.0935,100.1947,157.41,7076447
2025-06-27 17:30:00,157.43,157.75,157.25,157.38,180360
2025-06-27 18:00:00,157.38,157.71,157.37,157.55,214606
2025-06-27 18:30:00,157.56,157.75,157.45,157.56,4025796
2025-06-27 19:00:00,157.57,157.6,157.5,157.54,97932
2025-06-27 19:30:00,157.53,157.66,157.49,157.5601,192554
2025-06-30 04:00:00,158.8,159.28,158.39,158.77,315286
2025-06-30 04:30:00,158.77,158.83,158.47,158.73,154279
2025-06-30 05:00:00,158.73,159.05,158.72,159.03,152483
2025-06-30 05:30:00,159.04,159.1,158.77,158.82,159135
2025-06-30 06:00:00,158.81,158.97,158.75,158.96,92205
2025-06-30 06:30:00,158.98,159.0,158.67,158.67,125868
2025-06-30 07:00:00,158.66,158.85,158.59,158.63,261658
2025-06-30 07:30:00,158.64,158.68,158.35,158.45,270543
2025-06-30 08:00:00,158.43,159.42,157.7412,158.4999,1516981
2025-06-30 08:30:00,158.49,158.5,157.7488,158.41,425606
2025-06-30 09:00:00,158.41,158.9,157.7412,158.4,1082910
2025-06-30 09:30:00,158.4,158.4624,155.96,156.63,27973601
2025-06-30 10:00:00,156.62,157.2385,156.53,157.1,12821836
2025-06-30 10:30:00,157.11,157.5,156.895,157.42,11241787
2025-06-30 11:00:00,157.43,157.59,156.755,157.0499,9353477
2025-06-30 11:30:00,157.05,158.27,156.955,158.0799,10813183
2025-06-30 12:00:00,158.07,158.11,157.5642,157.709,7595846
2025-06-30 12:30:00,157.7,158.1,157.655,157.99,7692471
2025-06-30 13:00:00,158.0,158.17,157.735,157.8255,5759775
2025-06-30 13:30:00,157.825,158.11,157.59,157.83,5463646
2025-06-30 14:00:00,157.82,158.025,157.535,157.5799,5472040
2025-06-30 14:30:00,157.57,157.8265,156.84,157.745,8839626
2025-06-30 15:00:00,157.75,158.1,157.67,157.945,7909419
2025-06-30 15:30:00,157.945,158.66,157.83,157.87,18860786
2025-06-30 16:00:00,157.87,158.23,153.055,157.63,72024630
2025-06-30 16:30:00,157.64,168.1535,147.876,157.79,844370
2025-06-30 17:00:00,157.79,168.1535,147.0747,157.75,136781
2025-06-30 17:30:00,157.76,157.8,157.7,157.79,87154
2025-06-30 18:00:00,157.77,157.8,157.6,157.69,107070
2025-06-30 18:30:00,157.7,157.75,157.5,157.5202,111939
2025-06-30 19:00:00,157.5298,157.62,157.51,157.53,56261
2025-06-30 19:30:00,157.56,157.57,157.49,157.53,154758
2025-07-01 04:00:00,156.93,157.35,156.87,157.08,219156
2025-07-01 04:30:00,157.1,157.33,157.03,157.18,97535
2025-07-01 05:00:00,157.18,157.23,156.97,157.04,72047
2025-07-01 05:30:00,157.01,157.03,156.65,156.86,150954
2025-07-01 06:00:00,156.87,157.04,156.77,156.77,77607
2025-07-01 06:30:00,156.77,156.81,156.64,156.74,89469
2025-07-01 07:00:00,156.74,156.97,156.69,156.82,124305
2025-07-01 07:30:00,156.82,156.86,156.5,156.6,132616
2025-07-01 08:00:00,157.56,157.99,155.7,155.9,1519479
2025-07-01 08:30:00,155.9,157.99,155.89,156.42,802974
2025-07-01 09:00:00,156.42,156.78,156.0,156.31,862868
2025-07-01 09:30:00,156.29,157.2,155.76,156.0508,19422085
2025-07-01 10:00:00,156.04,156.3,154.3901,154.625,18165692
2025-07-01 10:30:00,154.635,154.84,152.83,153.125,24875203
2025-07-01 11:00:00,153.12,153.47,151.49,152.885,24214494
2025-07-01 11:30:00,152.88,153.28,152.22,152.8184,13429382
2025-07-01 12:00:00,152.82,153.49,152.35,153.395,12354415
2025-07-01 12:30:00,153.395,154.7883,152.745,154.365,11779012
2025-07-01 13:00:00,154.37,154.98,154.1,154.275,10197226
2025-07-01 13:30:00,154.272,154.88,154.01,154.545,7716264
2025-07-01 14:00:00,154.55,154.72,154.3202,154.3517,6238495
2025-07-01 14:30:00,154.35,154.64,153.47,153.595,7339536
2025-07-01 15:00:00,153.59,153.75,152.9101,153.73,12470716
2025-07-01 15:30:00,153.73,154.5,153.21,153.29,18864702
2025-07-01 16:00:00,153.29,153.52,152.92,153.05,32311344
2025-07-01 16:30:00,153.08,153.3,152.91,153.15,213103
2025-07-01 17:00:00,153.1,156.0,152.88,152.94,262428
2025-07-01 17:30:00,152.92,153.08,152.85,152.96,149419
2025-07-01 18:00:00,153.02,153.09,152.88,152.895,167065
2025-07-01 18:30:00,152.895,153.16,152.87,153.05,116258
2025-07-01 19:00:00,153.01,153.3,152.93,152.97,106322
2025-07-01 19:30:00,152.965,153.0,152.84,152.9,157590
2025-07-02 04:00:00,153.38,153.68,153.22,153.34,190201
2025-07-02 04:30:00,153.36,153.37,153.1,153.22,82076
2025-07-02 05:00:00,153.22,153.25,152.88,153.14,114595
2025-07-02 05:30:00,153.16,153.26,153.0,153.17,60211
2025-07-02 06:00:00,153.16,153.2,152.92,152.92,84120
2025-07-02 06:30:00,152.93,152.96,152.18,152.48,281434
2025-07-02 07:00:00,152.49,152.64,152.21,152.32,206340
2025-07-02 07:30:00,152.34,152.55,152.1,152.31,197474
2025-07-02 08:00:00,152.52,153.9,151.51,151.7,1634163
2025-07-02 08:30:00,151.6901,151.73,151.1,151.5204,1038918
2025-07-02 09:00:00,151.53,153.13,151.46,152.98,1416007
2025-07-02 09:30:00,152.98,155.3,152.97,154.33,23978647
2025-07-02 10:00:00,154.33,156.16,154.29,156.085,16211722
2025-07-02 10:30:00,156.08,157.435,155.9,157.1052,18610480
2025-07-02 11:00:00,157.11,157.6,156.305,156.365,13186616
2025-07-02 11:30:00,156.365,156.74,156.0602,156.655,8522155
2025-07-02 12:00:00,156.66,157.375,156.53,157.0935,9998672
2025-07-02 12:30:00,157.13,157.57,156.84,157.2467,8212097
2025-07-02 13:00:00,157.24,157.47,157.1116,157.2054,5694462
2025-07-02 13:30:00,157.205,157.305,156.9,157.1699,5347295
2025-07-02 14:00:00,157.17,157.18,156.705,156.955,5685553
2025-07-02 14:30:00,156.95,157.0767,156.66,156.69,6076976
2025-07-02 15:00:00,156.69,157.3944,156.51,156.8875,8752729
2025-07-02 15:30:00,156.885,157.52,156.8,157.24,15486684
2025-07-02 16:00:00,157.23,157.45,156.89,157.05,33852923
2025-07-02 16:30:00,157.02,175.0185,110.0368,157.085,286731
2025-07-02 17:00:00,157.095,180.627,94.31,156.95,198286
2025-07-02 17:30:00,156.95,179.8805,74.3526,156.98,127715
2025-07-02 18:00:00,156.97,180.627,118.3086,157.0,87834
2025-07-02 18:30:00,156.97,157.09,156.94,157.07,81193
2025-07-02 19:00:00,157.08,157.12,157.03,157.105,72483
2025-07-02 19:30:00,157.1,157.25,157.05,157.23,130262
2025-07-03 04:00:00,157.84,157.84,157.1,157.25,188301
2025-07-03 04:30:00,157.24,157.28,156.94,157.05,99966
2025-07-03 05:00:00,157.01,157.2,156.95,157.07,76322
2025-07-03 05:30:00,157.08,157.13,156.72,156.73,101404
2025-07-03 06:00:00,156.74,156.9,156.6,156.77,106743
2025-07-03 06:30:00,156.77,157.16,156.77,157.06,112865
2025-07-03 07:00:00,157.06,157.19,156.98,157.19,114107
2025-07-03 07:30:00,157.19,157.25,157.01,157.16,155507
2025-07-03 08:00:00,157.16,157.87,156.5964,157.37,967461
2025-07-03 08:30:00,157.43,158.2,153.18,158.04,1504617
2025-07-03 09:00:00,158.04,158.58,157.25,158.4199,1484281
2025-07-03 09:30:00,158.37,158.99,157.77,158.8045,25402302
2025-07-03 10:00:00,158.78,160.98,158.76,160.63,32793960
2025-07-03 10:30:00,160.63,160.82,159.36,159.725,18585495
2025-07-03 11:00:00,159.7299,159.97,159.18,159.805,12913276
2025-07-03 11:30:00,159.8,159.97,159.31,159.3913,9100711
2025-07-03 12:00:00,159.4,159.7,159.36,159.3797,9278987
2025-07-03 12:30:00,159.38,159.405,158.5762,159.2711,15967802
2025-07-03 13:00:00,159.26,159.37,159.14,159.21,23180695
2025-07-03 13:30:00,159.21,164.9279,153.5191,159.07,384373
2025-07-03 14:00:00,159.06,159.22,153.5191,159.13,153457
2025-07-03 14:30:00,159.13,159.2,159.06,159.13,130731
2025-07-03 15:00:00,159.12,159.34,159.05,159.2,156337
2025-07-03 15:30:00,159.25,159.37,159.2,159.32,184596
2025-07-03 16:00:00,159.32,159.43,157.06,159.2698,92424
2025-07-03 16:30:00,159.27,159.33,159.16,159.25,112207
2025-07-07 04:00:00,158.72,159.34,157.72,157.72,398818
2025-07-07 04:30:00,157.72,157.83,157.51,157.61,217647
2025-07-07 05:00:00,157.61,157.97,157.54,157.91,155346
2025-07-07 05:30:00,157.92,158.36,157.83,158.33,110405
2025-07-07 06:00:00,158.34,158.46,158.21,158.41,195462
2025-07-07 06:30:00,158.42,158.58,158.12,158.2,120421
2025-07-07 07:00:00,158.21,158.43,157.89,158.2,262803
2025-07-07 07:30:00,158.21,158.29,158.01,158.29,140240
2025-07-07 08:00:00,158.16,159.34,157.5136,158.04,1117365
2025-07-07 08:30:00,158.04,159.34,157.74,157.86,707899
2025-07-07 09:00:00,157.86,158.26,157.78,158.25,714201
2025-07-07 09:30:00,158.2,159.31,158.0101,158.5,22571447
2025-07-07 10:00:00,158.485,158.84,158.1,158.31,11755697
2025-07-07 10:30:00,158.32,158.62,157.342,157.71,9944433
2025-07-07 11:00:00,157.7,158.34,157.515,158.28,9793906
2025-07-07 11:30:00,158.27,158.3199,157.78,158.235,10589030
2025-07-07 12:00:00,158.23,158.7,157.69,158.21,9516690
2025-07-07 12:30:00,158.2,158.59,158.03,158.185,6251462
2025-07-07 13:00:00,158.18,158.5899,158.14,158.3188,5417001
2025-07-07 13:30:00,158.3145,158.78,158.185,158.2852,5270919
2025-07-07 14:00:00,158.285,158.48,157.73,157.825,6695545
2025-07-07 14:30:00,157.82,158.63,157.75,158.4303,5702898
2025-07-07 15:00:00,158.435,158.545,158.225,158.3001,5745792
2025-07-07 15:30:00,158.31,158.67,158.08,158.25,11044194
2025-07-07 16:00:00,158.25,158.57,119.66,158.17,24846423
2025-07-07 16:30:00,158.16,199.0555,111.8044,157.9857,538529
2025-07-07 17:00:00,158.0,180.6554,108.7403,157.93,183894
2025-07-07 17:30:00,157.94,181.4671,99.66,157.96,64725
2025-07-07 18:00:00,157.96,177.8272,121.145,157.9,70313
2025-07-07 18:30:00,157.91,158.04,157.9,157.98,51035
2025-07-07 19:00:00,157.98,158.16,157.96,158.13,99302
2025-07-07 19:30:00,158.135,158.2,158.0,158.02,148956
2025-07-08 04:00:00,159.28,159.32,158.22,159.29,211902
2025-07-08 04:30:00,159.3,159.77,159.27,159.7,184710
2025-07-08 05:00:00,159.68,159.86,159.56,159.65,165098
2025-07-08 05:30:00,159.66,159.72,159.35,159.43,100229
2025-07-08 06:00:00,159.45,159.63,159.3,159.6,80072
2025-07-08 06:30:00,159.63,159.75,159.54,159.58,86112
2025-07-08 07:00:00,159.55,159.6,159.4,159.46,243708
2025-07-08 07:30:00,159.46,159.63,159.37,159.4,263806
2025-07-08 08:00:00,159.4,159.8488,158.24,159.47,936043
2025-07-08 08:30:00,159.46,159.47,158.24,159.32,333314
2025-07-08 09:00:00,159.3188,159.49,158.385,159.31,411874
2025-07-08 09:30:00,159.33,159.74,158.39,158.83,18675574
2025-07-08 10:00:00,158.82,159.54,158.58,159.07,15105069
2025-07-08 10:30:00,159.0665,159.245,158.67,159.14,9950782
2025-07-08 11:00:00,159.13,159.29,158.83,159.09,8076346
2025-07-08 11:30:00,159.085,159.19,158.93,159.135,4827957
2025-07-08 12:00:00,159.135,159.87,159.09,159.73,7575001
2025-07-08 12:30:00,159.74,159.79,159.2799,159.54,7057968
2025-07-08 13:00:00,159.545,159.635,159.3,159.585,5435831
2025-07-08 13:30:00,159.58,160.05,159.5,159.945,7229086
2025-07-08 14:00:00,159.94,160.22,159.25,159.54,7926275
2025-07-08 14:30:00,159.55,159.94,159.46,159.675,5736610
2025-07-08 15:00:00,159.675,159.91,159.365,159.895,5375644
2025-07-08 15:30:00,159.895,160.08,159.7,160.0001,13356676
2025-07-08 16:00:00,160.0,160.11,97.71,160.0,28093626
2025-07-08 16:30:00,160.0,183.9656,109.8646,160.09,290646
2025-07-08 17:00:00,160.09,160.25,134.86,160.22,238012
2025-07-08 17:30:00,160.21,160.27,160.14,160.17,184743
2025-07-08 18:00:00,160.17,160.24,160.0,160.1499,110967
2025-07-08 18:30:00,160.14,160.2,160.14,160.19,60488
2025-07-08 19:00:00,160.19,160.24,160.17,160.2097,90163
2025-07-08 19:30:00,160.21,160.3,160.2,160.3,240808
2025-07-09 04:00:00,160.0,160.21,159.69,159.8,152584
2025-07-09 04:30:00,159.8,159.86,159.69,159.85,62689
2025-07-09 05:00:00,159.86,160.24,159.82,160.18,102579
2025-07-09 05:30:00,160.17,160.34,160.11,160.17,84540
2025-07-09 06:00:00,160.18,160.32,160.02,160.1,82242
2025-07-09 06:30:00,160.11,160.24,160.03,160.15,73241
2025-07-09 07:00:00,160.15,160.52,160.15,160.45,201061
2025-07-09 07:30:00,160.45,160.73,160.45,160.69,161010
2025-07-09 08:00:00,160.0,160.87,158.24,160.86,1818117
2025-07-09 08:30:00,160.8505,161.11,160.0,160.87,760254
2025-07-09 09:00:00,160.8795,161.41,160.8,161.2294,1173901
2025-07-09 09:30:00,161.22,164.42,161.16,164.14,40694968
2025-07-09 10:00:00,164.14,164.32,162.92,163.0687,19483198
2025-07-09 10:30:00,163.065,163.2,161.1757,163.12,14763631
2025-07-09 11:00:00,163.11,163.45,162.82,163.35,11225054
2025-07-09 11:30:00,163.3451,163.38,163.02,163.23,7735444
2025-07-09 12:00:00,163.23,163.38,162.9,163.27,8654039
2025-07-09 12:30:00,163.2703,163.36,162.98,163.105,6148414
2025-07-09 13:00:00,163.105,163.37,162.53,162.565,9134310
2025-07-09 13:30:00,162.56,163.03,162.49,162.71,6273930
2025-07-09 14:00:00,162.7,163.0384,162.51,162.815,5302251
2025-07-09 14:30:00,162.815,163.03,162.55,162.88,5738941
2025-07-09 15:00:00,162.88,163.21,162.7,162.85,7235628
2025-07-09 15:30:00,162.85,163.2,162.5701,162.83,16432375
2025-07-09 16:00:00,162.88,163.1271,133.87,162.88,28682631
2025-07-09 16:30:00,162.85,186.5908,100.1947,162.86,764494
2025-07-09 17:00:00,162.855,172.6928,104.7497,162.98,147958
2025-07-09 17:30:00,162.97,163.13,162.96,163.0499,212241
2025-07-09 18:00:00,163.0403,163.22,163.01,163.14,203307
2025-07-09 18:30:00,163.131,163.38,163.13,163.3353,176959
2025-07-09 19:00:00,163.35,163.36,163.17,163.34,114026
2025-07-09 19:30:00,163.33,163.38,163.23,163.36,179919
2025-07-10 04:00:00,163.52,164.38,163.1,163.73,501587
2025-07-10 04:30:00,163.73,164.09,163.56,164.06,276590
2025-07-10 05:00:00,164.06,164.1,163.55,163.68,191185
2025-07-10 05:30:00,163.68,163.85,163.54,163.75,91618
2025-07-10 06:00:00,163.75,163.95,163.7,163.86,132059
2025-07-10 06:30:00,163.87,164.08,163.86,163.89,137009
2025-07-10 07:00:00,163.89,164.33,163.81,164.26,322159
2025-07-10 07:30:00,164.25,164.5,164.24,164.4,278532
2025-07-10 08:00:00,164.39,164.64,162.88,164.5,1712686
2025-07-10 08:30:00,164.51,164.53,162.88,164.33,832005
2025-07-10 09:00:00,164.33,164.84,162.88,164.33,3591353
2025-07-10 09:30:00,164.32,164.4,162.31,162.905,27870829
2025-07-10 10:00:00,162.905,163.0,161.89,162.4,17338200
2025-07-10 10:30:00,162.405,162.8,162.1,162.4651,10292100
2025-07-10 11:00:00,162.46,162.74,161.61,162.5967,12696612
2025-07-10 11:30:00,162.595,163.25,162.585,163.025,8865774
2025-07-10 12:00:00,163.025,163.32,162.57,163.2747,7222564
2025-07-10 12:30:00,163.2799,163.53,163.0,163.23,7360655
2025-07-10 13:00:00,163.22,163.66,163.2,163.4477,5207275
2025-07-10 13:30:00,163.445,164.19,163.39,164.0333,10727180
2025-07-10 14:00:00,164.035,164.5,162.37,163.73,9463652
2025-07-10 14:30:00,163.725,164.03,163.65,163.755,5833564
2025-07-10 15:00:00,163.765,164.32,163.73,164.06,8178811
2025-07-10 15:30:00,164.06,164.4,163.8,164.105,14868972
2025-07-10 16:00:00,164.1,164.14,163.88,163.9397,22717486
2025-07-10 16:30:00,163.935,175.529,159.375,164.06,266443
2025-07-10 17:00:00,164.06,164.13,152.802,164.055,162193
2025-07-10 17:30:00,164.055,164.1,163.81,163.81,187088
2025-07-10 18:00:00,163.82,163.9,163.67,163.9,145242
2025-07-10 18:30:00,163.9,163.9,163.78,163.9,79505
2025-07-10 19:00:00,163.88,164.08,163.88,163.975,105101
2025-07-10 19:30:00,163.9702,164.1,163.95,164.04,139747
2025-07-11 04:00:00,164.34,164.34,162.63,162.87,343605
2025-07-11 04:30:00,162.87,162.88,162.61,162.8,118947
2025-07-11 05:00:00,162.79,162.93,162.71,162.79,80094
2025-07-11 05:30:00,162.75,163.04,162.61,162.68,105121
2025-07-11 06:00:00,162.69,162.93,162.6,162.79,79815
2025-07-11 06:30:00,162.8,162.93,162.71,162.88,88024
2025-07-11 07:00:00,162.88,163.28,162.88,163.2,182515
2025-07-11 07:30:00,163.209,163.33,163.12,163.25,120040
2025-07-11 08:00:00,162.81,164.1,155.02,163.09,1082782
2025-07-11 08:30:00,163.08,163.23,163.0,163.18,318839
2025-07-11 09:00:00,163.18,164.08,163.01,163.67,814384
2025-07-11 09:30:00,163.715,166.6,163.47,166.165,32254103
2025-07-11 10:00:00,166.15,167.595,165.715,167.3599,22426551
2025-07-11 10:30:00,167.375,167.89,166.845,167.005,21273183
2025-07-11 11:00:00,167.01,167.1,166.11,166.495,16504933
2025-07-11 11:30:00,166.49,167.12,166.23,166.31,10347749
2025-07-11 12:00:00,166.32,166.555,165.93,166.4787,9702384
2025-07-11 12:30:00,166.4748,166.69,165.99,166.26,7035724
2025-07-11 13:00:00,166.27,166.54,166.01,166.1823,6113210
2025-07-11 13:30:00,166.19,166.25,165.64,166.11,7846424
2025-07-11 14:00:00,166.11,166.17,165.37,165.6815,7749290
2025-07-11 14:30:00,165.685,166.0899,165.35,165.3999,7976915
2025-07-11 15:00:00,165.39,165.44,164.83,165.095,9935804
2025-07-11 15:30:00,165.095,165.27,164.87,164.8815,14269282
2025-07-11 16:00:00,164.88,166.037,155.0939,164.99,25024415
2025-07-11 16:30:00,164.99,175.3419,157.2483,165.02,1004356
2025-07-11 17:00:00,165.015,176.165,164.92,164.98,1536291
2025-07-11 17:30:00,164.99,200.0397,114.9794,165.04,103383
2025-07-11 18:00:00,165.01,165.05,122.69,164.98,55806
2025-07-11 18:30:00,164.975,164.98,164.9,164.95,73139
2025-07-11 19:00:00,164.93,164.96,164.78,164.89,106066
2025-07-11 19:30:00,164.885,165.0,164.85,164.935,146644
2025-07-14 04:00:00,164.76,165.6,164.0,165.25,309112
2025-07-14 04:30:00,165.25,165.74,165.2,165.6,147153
2025-07-14 05:00:00,165.6,165.7,165.31,165.63,133676
2025-07-14 05:30:00,165.63,166.0,165.58,165.91,121868
2025-07-14 06:00:00,165.91,165.98,165.52,165.59,166523
2025-07-14 06:30:00,165.59,165.61,164.86,164.97,371398
2025-07-14 07:00:00,164.98,165.32,164.87,165.05,364493
2025-07-14 07:30:00,165.05,165.16,164.8,164.87,250120
2025-07-14 08:00:00,164.86,165.96,164.3,165.26,1600190
2025-07-14 08:30:00,165.26,165.75,165.04,165.42,709399
2025-07-14 09:00:00,165.42,165.9,163.62,165.34,747810
2025-07-14 09:30:00,165.37,165.49,162.02,163.14,30791755
2025-07-14 10:00:00,163.14,164.25,163.1001,163.72,14198961
2025-07-14 10:30:00,163.725,164.31,163.34,164.2847,9786717
2025-07-14 11:00:00,164.285,165.285,164.225,164.75,14164599
2025-07-14 11:30:00,164.7576,165.25,164.59,165.1481,6785140
2025-07-14 12:00:00,165.14,165.18,164.845,164.97,5070554
2025-07-14 12:30:00,164.97,165.15,164.57,165.02,5494607
2025-07-14 13:00:00,165.03,165.36,164.97,165.0801,4386591
2025-07-14 13:30:00,165.085,165.22,164.7898,164.8206,4147027
2025-07-14 14:00:00,164.825,165.07,164.69,164.815,4052142
2025-07-14 14:30:00,164.81,165.04,164.49,164.91,4611089
2025-07-14 15:00:00,164.905,164.935,164.32,164.4,6558921
2025-07-14 15:30:00,164.405,164.53,164.0,164.07,11699174
2025-07-14 16:00:00,163.95,164.4713,163.71,163.9689,16883703
2025-07-14 16:30:00,163.94,173.9146,157.014,164.15,164385
2025-07-14 17:00:00,164.12,175.5108,160.4923,164.075,117092
2025-07-14 17:30:00,164.06,175.5108,159.3875,164.03,89577
2025-07-14 18:00:00,164.025,164.05,163.91,164.0,83691
2025-07-14 18:30:00,163.98,164.03,163.9,163.965,81850
2025-07-14 19:00:00,163.97,164.0,163.9,163.9799,90665
2025-07-14 19:30:00,163.975,164.0,163.86,163.8697,115041
2025-07-15 04:00:00,170.48,172.0,169.05,171.3,1421296
2025-07-15 04:30:00,171.3,171.74,170.83,171.55,697437
2025-07-15 05:00:00,171.56,172.87,171.42,172.54,935996
2025-07-15 05:30:00,172.54,172.76,172.39,172.47,471945
2025-07-15 06:00:00,172.47,172.52,171.95,172.32,473667
2025-07-15 06:30:00,172.31,172.4,171.56,171.78,594429
2025-07-15 07:00:00,171.76,171.79,170.92,171.36,1394500
2025-07-15 07:30:00,171.36,171.8,171.27,171.44,627460
2025-07-15 08:00:00,171.44,172.8275,164.07,171.09,5307135
2025-07-15 08:30:00,171.08,172.4002,171.07,172.3,3178952
2025-07-15 09:00:00,172.3,172.34,154.54,171.17,2968486
2025-07-15 09:30:00,171.19,172.26,169.195,169.61,54496753
2025-07-15 10:00:00,169.613,171.69,169.47,171.5784,24967576
2025-07-15 10:30:00,171.58,172.4,170.9426,171.005,22477626
2025-07-15 11:00:00,171.01,171.5906,170.6847,171.385,12575709
2025-07-15 11:30:00,171.39,171.45,171.03,171.255,7241016
2025-07-15 12:00:00,171.255,171.605,171.19,171.38,6880271
2025-07-15 12:30:00,171.37,171.55,170.37,170.65,8481391
2025-07-15 13:00:00,170.65,171.0,170.36,170.525,6861145
2025-07-15 13:30:00,170.53,170.95,170.25,170.93,8022875
2025-07-15 14:00:00,170.925,171.11,170.755,170.9118,6977625
2025-07-15 14:30:00,170.915,170.96,170.24,170.29,7022163
2025-07-15 15:00:00,170.27,170.76,169.94,170.1999,9756873
2025-07-15 15:30:00,170.195,171.0,170.14,170.55,17171614
2025-07-15 16:00:00,170.55,170.95,170.08,170.14,31070846
2025-07-15 16:30:00,170.14,178.8647,160.3071,170.03,544324
2025-07-15 17:00:00,170.05,170.7,132.28,170.18,249516
2025-07-15 17:30:00,170.17,170.31,170.06,170.17,146480
2025-07-15 18:00:00,170.15,170.23,170.0,170.12,132265
2025-07-15 18:30:00,170.11,170.2,169.85,170.195,204921
2025-07-15 19:00:00,170.2,170.22,170.14,170.2,120415
2025-07-15 19:30:00,170.1808,170.32,170.11,170.19,203815
2025-07-16 04:00:00,170.01,170.47,168.96,169.33,441950
2025-07-16 04:30:00,169.35,169.55,169.28,169.43,206412
2025-07-16 05:00:00,169.44,169.49,169.2,169.24,144788
2025-07-16 05:30:00,169.24,169.72,169.21,169.69,148427
2025-07-16 06:00:00,169.69,169.77,169.54,169.69,103757
2025-07-16 06:30:00,169.69,170.5,169.69,170.33,441115
2025-07-16 07:00:00,170.31,170.56,170.2,170.4,350109
2025-07-16 07:30:00,170.4,170.89,170.24,170.85,282972
2025-07-16 08:00:00,170.85,171.18,168.9987,170.93,1975101
2025-07-16 08:30:00,170.92,171.49,170.7,171.26,1703731
2025-07-16 09:00:00,171.26,171.3,170.7,171.07,829256
2025-07-16 09:30:00,171.06,171.75,169.92,170.2012,25431655
2025-07-16 10:00:00,170.21,170.64,169.61,169.965,14886316
2025-07-16 10:30:00,169.965,170.3,169.28,169.8054,12752700
2025-07-16 11:00:00,169.81,170.655,169.79,170.3786,13112481
2025-07-16 11:30:00,170.39,171.0,168.9,170.29,16184441
2025-07-16 12:00:00,170.28,170.6848,170.09,170.395,7361295
2025-07-16 12:30:00,170.4,171.2,170.3301,171.1049,6988740
2025-07-16 13:00:00,171.1,171.42,170.88,170.9023,6713592
2025-07-16 13:30:00,170.91,171.0,170.6241,170.795,4755556
2025-07-16 14:00:00,170.795,171.0957,170.64,171.005,4904385
2025-07-16 14:30:00,171.005,171.15,170.89,171.0482,5258895
2025-07-16 15:00:00,171.04,171.0452,170.675,170.785,5917660
2025-07-16 15:30:00,170.78,171.45,170.76,171.34,12791381
2025-07-16 16:00:00,171.34,171.3906,170.5272,171.151,24315540
2025-07-16 16:30:00,171.19,180.627,166.3531,171.22,223549
2025-07-16 17:00:00,171.2,171.37,171.14,171.2,135338
2025-07-16 17:30:00,171.185,171.35,171.17,171.325,127032
2025-07-16 18:00:00,171.32,171.33,171.16,171.2,88402
2025-07-16 18:30:00,171.18,171.28,171.13,171.15,93356
2025-07-16 19:00:00,171.16,171.21,171.14,171.21,58334
2025-07-16 19:30:00,171.205,171.26,171.17,171.2,133691
2025-07-17 04:00:00,172.65,173.06,171.77,172.99,537550
2025-07-17 04:30:00,173.0,173.2,172.86,172.94,270181
2025-07-17 05:00:00,172.96,173.1,172.8,172.8,174659
2025-07-17 05:30:00,172.81,172.94,172.6,172.74,141954
2025-07-17 06:00:00,172.74,172.84,172.6,172.74,103901
2025-07-17 06:30:00,172.74,172.88,172.42,172.42,225207
2025-07-17 07:00:00,172.42,172.46,172.2,172.35,307450
2025-07-17 07:30:00,172.34,172.57,172.16,172.549,257358
2025-07-17 08:00:00,172.32,173.46,171.18,172.65,2511724
2025-07-17 08:30:00,172.65,172.8,172.51,172.765,639719
2025-07-17 09:00:00,172.76,172.81,170.125,172.02,1123739
2025-07-17 09:30:00,172.02,173.44,170.83,173.175,29861187
2025-07-17 10:00:00,173.175,173.6402,172.1199,172.93,16941757
2025-07-17 10:30:00,172.93,173.16,172.64,172.805,8468315
2025-07-17 11:00:00,172.815,173.345,172.77,173.115,8496419
2025-07-17 11:30:00,173.11,173.55,172.935,173.375,8366319
2025-07-17 12:00:00,173.375,174.16,173.27,173.8601,12373732
2025-07-17 12:30:00,173.865,173.87,173.36,173.61,7605202
2025-07-17 13:00:00,173.61,173.98,173.51,173.72,7026552
2025-07-17 13:30:00,173.715,173.9185,173.08,173.312,7554777
2025-07-17 14:00:00,173.32,173.42,173.0901,173.299,5905850
2025-07-17 14:30:00,173.29,173.6885,173.26,173.465,6105198
2025-07-17 15:00:00,173.47,173.63,173.175,173.285,6098526
2025-07-17 15:30:00,173.285,173.51,173.0,173.1114,14934585
2025-07-17 16:00:00,173.11,173.503,173.0,173.145,23766219
2025-07-17 16:30:00,173.15,177.7444,166.5,173.16,141951
2025-07-17 17:00:00,173.17,177.7444,171.657,173.19,169211
2025-07-17 17:30:00,173.18,173.27,173.0,173.15,175817
2025-07-17 18:00:00,173.14,173.24,173.11,173.215,81061
2025-07-17 18:30:00,173.22,173.23,173.17,173.18,65141
2025-07-17 19:00:00,173.17,173.4,173.17,173.36,125832
2025-07-17 19:30:00,173.37,173.5,173.33,173.4612,169236
2025-07-18 04:00:00,173.95,174.1,173.6,173.79,152609
2025-07-18 04:30:00,173.79,173.84,173.67,173.8,68393
2025-07-18 05:00:00,173.8,173.95,173.74,173.89,73350
2025-07-18 05:30:00,173.89,173.99,173.85,173.94,58692
2025-07-18 06:00:00,173.93,173.96,173.7,173.8,96601
2025-07-18 06:30:00,173.81,173.88,173.61,173.79,117925
2025-07-18 07:00:00,173.8,173.8,173.64,173.75,156859
2025-07-18 07:30:00,173.77,173.93,173.75,173.76,96943
2025-07-18 08:00:00,173.78,174.17,173.0,173.78,927315
2025-07-18 08:30:00,173.77,173.8,173.0,173.67,329842
2025-07-18 09:00:00,173.66,174.54,171.835,173.8188,1961472
2025-07-18 09:30:00,173.64,174.25,173.24,173.36,26088732
2025-07-18 10:00:00,173.43,173.8599,171.935,172.09,18353477
2025-07-18 10:30:00,172.09,173.7178,171.8,171.8399,12016194
2025-07-18 11:00:00,171.84,172.24,171.26,172.1601,13223811
2025-07-18 11:30:00,172.165,172.58,172.07,172.5,6791024
2025-07-18 12:00:00,172.495,172.56,171.98,172.1547,5951264
2025-07-18 12:30:00,172.16,172.41,171.8,172.195,6545709
2025-07-18 13:00:00,172.195,172.75,172.0,172.65,5309623
2025-07-18 13:30:00,172.6452,172.735,172.27,172.3901,4661430
2025-07-18 14:00:00,172.4,172.52,172.115,172.415,4650234
2025-07-18 14:30:00,172.4152,172.42,171.98,171.99,4333900
2025-07-18 15:00:00,171.9897,172.27,171.89,172.07,4999556
2025-07-18 15:30:00,172.08,173.0,171.5,172.38,14901687
2025-07-18 16:00:00,172.38,172.479,170.9208,172.35,21880755
2025-07-18 16:30:00,172.33,172.41,172.33,172.38,192420
2025-07-18 17:00:00,172.38,186.3965,96.37,172.5293,228886
2025-07-18 17:30:00,172.5,186.3965,122.2218,172.46,399675
2025-07-18 18:00:00,172.45,172.5,172.45,172.49,67165
2025-07-18 18:30:00,172.5,172.5,172.41,172.44,34160
2025-07-18 19:00:00,172.445,172.45,172.4,172.405,71143
2025-07-18 19:30:00,172.41,172.45,172.2501,172.36,199246
2025-07-21 04:00:00,172.93,173.15,172.62,172.76,173597
2025-07-21 04:30:00,172.75,172.75,172.52,172.6,119701
2025-07-21 05:00:00,172.59,172.9,172.58,172.89,100077
2025-07-21 05:30:00,172.88,172.89,172.7,172.76,79260
2025-07-21 06:00:00,172.76,173.25,172.62,172.94,208858
2025-07-21 06:30:00,172.95,172.95,172.75,172.85,70161
2025-07-21 07:00:00,172.82,172.9,172.5,172.6,177789
2025-07-21 07:30:00,172.61,172.67,172.4,172.47,135376
2025-07-21 08:00:00,172.83,173.2005,172.4,172.58,918415
2025-07-21 08:30:00,172.58,172.83,172.41,172.4801,443635
2025-07-21 09:00:00,172.48,172.84,172.37,172.7699,550074
2025-07-21 09:30:00,172.75,173.38,171.68,172.4318,20154532
2025-07-21 10:00:00,172.43,173.0899,172.09,173.0801,10885579
2025-07-21 10:30:00,173.08,173.165,172.45,172.905,8579415
2025-07-21 11:00:00,172.9,173.03,172.665,172.6982,5926805
2025-07-21 11:30:00,172.6901,172.82,172.23,172.3552,6170553
2025-07-21 12:00:00,172.355,172.49,171.45,172.0294,10020175
2025-07-21 12:30:00,172.03,172.45,171.99,172.345,5311129
2025-07-21 13:00:00,172.35,172.62,172.2,172.5548,4797766
2025-07-21 13:30:00,172.5582,172.76,172.51,172.64,3328849
2025-07-21 14:00:00,172.6499,172.81,172.47,172.7048,3614759
2025-07-21 14:30:00,172.7,172.73,172.1847,172.2914,4022704
2025-07-21 15:00:00,172.3,172.355,171.86,171.96,6178908
2025-07-21 15:30:00,171.96,172.54,171.0,171.46,11757922
2025-07-21 16:00:00,171.45,172.2544,170.9,171.09,27566843
2025-07-21 16:30:00,171.075,181.4671,160.1503,171.24,262036
2025-07-21 17:00:00,171.22,181.4671,160.0454,170.65,743616
2025-07-21 17:30:00,170.65,171.38,93.86,170.69,295451
2025-07-21 18:00:00,170.7,171.38,170.61,170.7,179667
2025-07-21 18:30:00,170.68,171.05,170.66,171.01,157427
2025-07-21 19:00:00,171.02,171.03,170.82,170.8698,121156
2025-07-21 19:30:00,170.87,171.12,170.86,170.97,158897
2025-07-22 04:00:00,170.85,171.17,169.88,170.25,344497
2025-07-22 04:30:00,170.24,170.37,169.03,169.08,348861
2025-07-22 05:00:00,169.08,169.51,169.08,169.32,287259
2025-07-22 05:30:00,169.32,169.62,169.24,169.54,211167
2025-07-22 06:00:00,169.53,170.24,169.52,169.79,386404
2025-07-22 06:30:00,169.78,170.0,169.62,169.99,168655
2025-07-22 07:00:00,169.99,170.45,169.79,170.29,344804
2025-07-22 07:30:00,170.29,170.5,170.08,170.37,258153
2025-07-22 08:00:00,170.36,171.38,169.04,170.57,1072154
2025-07-22 08:30:00,170.5702,173.3847,170.4,170.8009,609176
2025-07-22 09:00:00,170.815,173.78,170.5,171.4,880882
2025-07-22 09:30:00,171.34,171.39,164.58,165.625,45042342
2025-07-22 10:00:00,165.63,167.17,165.37,166.0848,25087636
2025-07-22 10:30:00,166.08,167.855,166.08,167.76,15377074
2025-07-22 11:00:00,167.76,168.2,167.63,167.86,11659116
2025-07-22 11:30:00,167.86,168.64,167.79,168.155,9778483
2025-07-22 12:00:00,168.16,168.43,167.49,167.5509,10419593
2025-07-22 12:30:00,167.55,167.97,167.35,167.755,8342458
2025-07-22 13:00:00,167.755,171.3,167.735,168.27,6099564
2025-07-22 13:30:00,168.26,171.3,167.99,168.12,4386141
2025-07-22 14:00:00,168.12,170.79,167.3601,167.9003,6275800
2025-07-22 14:30:00,167.9,168.16,167.7601,168.0952,4626846
2025-07-22 15:00:00,168.095,168.14,167.73,167.885,5427050
2025-07-22 15:30:00,167.88,170.58,165.92,167.01,14224076
2025-07-22 16:00:00,167.03,167.4215,166.27,166.49,21493367
2025-07-22 16:30:00,166.49,177.952,142.32,166.43,434926
2025-07-22 17:00:00,166.455,183.9656,117.3444,166.0706,7397490
2025-07-22 17:30:00,166.08,166.6,166.06,166.535,261010
2025-07-22 18:00:00,166.56,166.62,166.3306,166.38,186977
2025-07-22 18:30:00,166.38,166.45,166.3,166.32,130308
2025-07-22 19:00:00,166.33,167.15,166.31,167.025,296610
2025-07-22 19:30:00,167.02,167.87,166.95,167.72,415124
2025-07-23 04:00:00,168.25,168.49,167.88,168.46,297472
2025-07-23 04:30:00,168.45,168.6,168.28,168.51,132250
2025-07-23 05:00:00,168.51,168.6,168.33,168.35,109383
2025-07-23 05:30:00,168.35,168.54,168.26,168.44,94374
2025-07-23 06:00:00,168.44,168.69,168.35,168.65,98545
2025-07-23 06:30:00,168.65,168.88,168.45,168.46,233501
2025-07-23 07:00:00,168.45,168.8,168.1,168.61,374491
2025-07-23 07:30:00,168.61,168.99,168.58,168.91,300735
2025-07-23 08:00:00,168.5,169.29,167.03,169.16,1956249
2025-07-23 08:30:00,169.1594,169.23,167.03,168.8992,760205
2025-07-23 09:00:00,168.88,169.69,167.03,169.55,1064480
2025-07-23 09:30:00,169.53,170.4,168.23,168.345,26961850
2025-07-23 10:00:00,168.34,169.5899,167.97,169.13,14175218
2025-07-23 10:30:00,169.13,169.56,168.47,169.3671,9187634
2025-07-23 11:00:00,169.3525,169.8,169.165,169.5233,8178105
2025-07-23 11:30:00,169.525,169.88,168.96,169.5548,7769118
2025-07-23 12:00:00,169.55,169.56,168.53,168.63,6979015
2025-07-23 12:30:00,168.62,169.57,168.56,169.12,5075826
2025-07-23 13:00:00,169.1252,169.28,168.83,169.035,4699298
2025-07-23 13:30:00,169.0399,169.81,168.98,169.75,6449381
2025-07-23 14:00:00,169.75,171.26,169.7414,170.6575,13841325
2025-07-23 14:30:00,170.6513,171.0,170.46,170.815,9407775
2025-07-23 15:00:00,170.82,171.06,170.5,170.705,5700592
2025-07-23 15:30:00,170.7,170.86,170.1707,170.83,12531291
2025-07-23 16:00:00,170.85,172.99,170.46,171.88,23928942
2025-07-23 16:30:00,171.8799,184.145,167.0556,172.42,1076041
2025-07-23 17:00:00,172.47,172.75,170.78,172.27,741242
2025-07-23 17:30:00,172.27,172.6,172.1,172.5899,332419
2025-07-23 18:00:00,172.58,172.7,172.51,172.565,272286
2025-07-23 18:30:00,172.56,172.61,172.4,172.5402,215351
2025-07-23 19:00:00,172.5408,172.84,172.49,172.78,331833
2025-07-23 19:30:00,172.79,172.95,172.7,172.9,327551
2025-07-24 04:00:00,172.9,173.0,172.16,172.71,217031
2025-07-24 04:30:00,172.73,172.94,172.67,172.82,128699
2025-07-24 05:00:00,172.83,172.83,172.52,172.62,71705
2025-07-24 05:30:00,172.61,172.76,172.54,172.74,54172
2025-07-24 06:00:00,172.75,172.83,172.61,172.73,109605
2025-07-24 06:30:00,172.73,172.78,172.61,172.71,74408
2025-07-24 07:00:00,172.71,172.83,172.18,172.71,317921
2025-07-24 07:30:00,172.71,172.98,172.6,172.62,163503
2025-07-24 08:00:00,172.48,172.98,170.78,172.62,950958
2025-07-24 08:30:00,172.63,172.65,144.3306,172.35,671232
2025-07-24 09:00:00,172.35,172.68,169.31,172.6,557821
2025-07-24 09:30:00,172.44,173.45,171.71,172.34,21410583
2025-07-24 10:00:00,172.33,172.5,171.3,172.09,13497494
2025-07-24 10:30:00,172.09,172.98,171.99,172.88,8845380
2025-07-24 11:00:00,172.89,173.2,172.5,172.6785,9381515
2025-07-24 11:30:00,172.69,173.05,172.4,172.7452,6825493
2025-07-24 12:00:00,172.74,173.09,172.41,172.94,5613216
2025-07-24 12:30:00,172.94,173.33,172.6,173.178,5915587
2025-07-24 13:00:00,173.1799,173.68,173.04,173.4324,7554509
2025-07-24 13:30:00,173.43,173.59,173.22,173.255,7269129
2025-07-24 14:00:00,173.25,173.83,173.22,173.455,5493135
2025-07-24 14:30:00,173.455,173.7199,173.26,173.615,4944651
2025-07-24 15:00:00,173.61,173.76,173.43,173.6501,4539857
2025-07-24 15:30:00,173.66,173.82,173.315,173.78,11285101
2025-07-24 16:00:00,173.74,173.89,173.58,173.68,21915547
2025-07-24 16:30:00,173.68,182.8351,162.0557,173.475,240300
2025-07-24 17:00:00,173.48,173.66,173.4,173.505,156568
2025-07-24 17:30:00,173.55,173.6,173.46,173.52,74904
2025-07-24 18:00:00,173.55,173.81,173.52,173.63,233884
2025-07-24 18:30:00,173.63,173.64,173.48,173.54,132324
2025-07-24 19:00:00,173.535,173.6,173.5,173.5702,68242
2025-07-24 19:30:00,173.5705,173.65,173.55,173.585,116255
2025-07-25 04:00:00,174.42,174.42,173.09,173.69,195271
2025-07-25 04:30:00,173.69,173.74,173.43,173.51,92449
2025-07-25 05:00:00,173.51,173.53,173.05,173.3,108153
2025-07-25 05:30:00,173.29,173.44,173.22,173.39,80881
2025-07-25 06:00:00,173.4,173.52,173.29,173.46,77179
2025-07-25 06:30:00,173.43,173.51,173.38,173.43,91110
2025-07-25 07:00:00,173.43,173.48,173.2,173.28,125838
2025-07-25 07:30:00,173.27,173.35,173.13,173.18,88361
2025-07-25 08:00:00,173.3,173.86,172.94,173.22,731206
2025-07-25 08:30:00,173.19,173.33,173.0397,173.16,302460
2025-07-25 09:00:00,173.16,173.65,171.8501,173.61,551269
2025-07-25 09:30:00,173.61,174.55,172.96,174.285,19882172
2025-07-25 10:00:00,174.28,174.72,173.88,174.4619,14610774
2025-07-25 10:30:00,174.465,174.68,173.61,174.045,9156640
2025-07-25 11:00:00,174.05,174.18,173.64,174.0681,8104662
2025-07-25 11:30:00,174.07,174.15,173.75,174.0101,5615842
2025-07-25 12:00:00,174.01,174.53,173.9801,174.38,8090308
2025-07-25 12:30:00,174.39,174.5,174.01,174.195,6595053
2025-07-25 13:00:00,174.19,174.2,173.83,173.8844,3860860
2025-07-25 13:30:00,173.885,173.97,173.3,173.435,5252297
2025-07-25 14:00:00,173.4352,173.9,173.01,173.65,6480945
2025-07-25 14:30:00,173.65,173.781,173.41,173.645,4472987
2025-07-25 15:00:00,173.645,174.06,173.635,173.79,5337994
2025-07-25 15:30:00,173.79,173.99,173.0,173.48,11727595
2025-07-25 16:00:00,173.5,173.6,173.14,173.58,16827775
2025-07-25 16:30:00,173.575,179.7988,169.0531,173.4689,377876
2025-07-25 17:00:00,173.45,182.6607,166.0743,173.51,96528
2025-07-25 17:30:00,173.5099,173.57,167.8754,173.48,302652
2025-07-25 18:00:00,173.48,173.56,173.4,173.4801,63070
2025-07-25 18:30:00,173.48,173.5,173.43,173.4708,36464
2025-07-25 19:00:00,173.4894,173.5,173.45,173.49,51245
2025-07-25 19:30:00,173.49,173.5,173.29,173.4001,117224
2025-07-28 04:00:00,174.44,174.98,174.01,174.9,308494
2025-07-28 04:30:00,174.89,174.96,174.69,174.74,112506
2025-07-28 05:00:00,174.75,174.8,174.6,174.65,66978
2025-07-28 05:30:00,174.64,174.71,174.58,174.64,70018
2025-07-28 06:00:00,174.63,174.8,174.59,174.6,98697
2025-07-28 06:30:00,174.59,174.66,174.37,174.44,111163
2025-07-28 07:00:00,174.45,174.65,174.36,174.58,189012
2025-07-28 07:30:00,174.57,174.65,174.53,174.56,96261
2025-07-28 08:00:00,174.61,174.98,173.067,174.635,939908
2025-07-28 08:30:00,174.6397,174.71,172.41,174.64,249474
2025-07-28 09:00:00,174.64,174.65,174.0,174.01,663858
2025-07-28 09:30:00,174.02,175.46,173.97,175.42,24414225
2025-07-28 10:00:00,175.41,175.57,173.9899,174.925,12685085
2025-07-28 10:30:00,174.92,175.26,173.9834,175.005,7378030
2025-07-28 11:00:00,175.01,175.19,174.255,174.93,8480391
2025-07-28 11:30:00,174.925,175.1,174.86,174.955,5183434
2025-07-28 12:00:00,174.955,175.14,174.68,175.0299,4430672
2025-07-28 12:30:00,175.0202,175.04,174.7,174.8829,3467015
2025-07-28 13:00:00,174.8801,175.28,174.84,175.21,4848377
2025-07-28 13:30:00,175.2,175.6951,175.1987,175.5,6604246
2025-07-28 14:00:00,175.495,175.61,175.36,175.475,4857283
2025-07-28 14:30:00,175.48,175.92,175.21,175.8499,6475788
2025-07-28 15:00:00,175.85,176.275,175.75,176.155,8714155
2025-07-28 15:30:00,176.16,177.0,175.83,176.75,19018261
2025-07-28 16:00:00,176.74,176.99,176.02,176.84,31176401
2025-07-28 16:30:00,176.84,184.2823,167.0038,176.84,2284091
2025-07-28 17:00:00,176.83,177.0,166.8673,176.88,143318
2025-07-28 17:30:00,176.88,176.95,176.84,176.865,123234
2025-07-28 18:00:00,176.85,176.91,176.75,176.825,116152
2025-07-28 18:30:00,176.84,176.94,176.75,176.925,94123
2025-07-28 19:00:00,176.94,176.96,176.85,176.92,112946
2025-07-28 19:30:00,176.9108,177.17,176.9,177.15,246712
2025-07-29 04:00:00,178.95,179.31,178.03,178.88,155127
2025-07-29 04:30:00,178.87,179.17,178.79,179.17,36096
2025-07-29 05:00:00,179.16,179.6,179.14,179.41,93047
2025-07-29 05:30:00,179.41,179.65,179.33,179.46,61164
2025-07-29 06:00:00,179.5,179.54,179.19,179.33,47590
2025-07-29 06:30:00,179.33,179.58,179.11,179.32,97499
2025-07-29 07:00:00,179.31,179.51,179.06,179.48,108543
2025-07-29 07:30:00,179.47,179.52,178.88,179.181,90463
2025-07-29 08:00:00,176.75,179.6,176.75,179.131,1151717
2025-07-29 08:30:00,179.13,179.16,173.4,178.99,213636
2025-07-29 09:00:00,179.0,179.01,174.12,177.97,1346733
2025-07-29 09:30:00,177.96,179.38,177.63,179.28,19713941
2025-07-29 10:00:00,179.29,179.35,177.97,178.14,9674147
2025-07-29 10:30:00,178.15,178.6999,177.1721,177.485,8441209
2025-07-29 11:00:00,177.485,177.6684,175.6701,175.8599,11718247
2025-07-29 11:30:00,175.855,176.78,175.17,176.515,10047585
2025-07-29 12:00:00,176.51,176.735,176.25,176.34,4372782
2025-07-29 12:30:00,176.345,176.535,175.8317,176.485,4455025
2025-07-29 13:00:00,176.48,176.66,176.18,176.1953,3647338
2025-07-29 13:30:00,176.2,176.415,175.8,176.35,3903977
